_00145EBA3F6548EB8E5CCF4C4C490F94	1.ZIP
_00D7C0C6B5F8470F80EEA80D3C5A4301	CALFIL23.DTM
_00FBAB03AD6E4B5496A91138E9DBE30E	CALFIL07.DTM
_043D3CEDF3724D62BA8430F0BC4C50FE	CALFIL24.DTM
_04B3084411A243419B9D6C764CCC50BA	2.ZIP
_04E1D0DD260F4514B328DAD90F92222F	3.ZIP
_06703969C6A64D96BCA036AE602B4D9B	CALFIL25.DTM
_10A7B267BD0F4A459263F79B4EE6C86D	1.BIN
_13687E4FA4A74516B3827F2ED2BCDBE3	CALFIL02.DTM
_16123C4820A1444BA8FDD90469B3A5E1	1.ZIP
_1683BAAA924F4F6BAEFE0B8D7FCFC6D9	4.ZIP
_17D5D369463842A28B779320963D281A	5.ZIP
_1A28771D55D940A99495F7A93C102252	CALFIL14.DTM
_1A29005700364BC6BADEF7840C25D90F	CALFIL42.DTM
_1A9462212C7E4C4AB01A45B21D76BD85	6.ZIP
_1CB04478AF52407C9CBAAF4C9C0E4E3E	2.BIN
_2170C610D2CF4F6693D0CF221649FB10	1.PDF
_235B4AD73A0547ADB24037B4EDEFA643	CALFIL20.DTM
_239C0DCEB2CA45869755DBC6665E9905	CALFIL11.DTM
_2B0A4F6A7323435683BA16264A56F386	7.ZIP
_2E4266C7B2B643DDB2107C647A469282	CALFIL06.DTM
_335160DFF2C442F4ABAE01487480B0FD	CALFIL34.DTM
_33C251E0D2DB473FAFDEAC818D6B61B0	CALFIL49.DTM
_34582FD49AD04313883C19EC24BC483D	SA015BCR.DLL
_383DF467CCBC4DDEA8C7D13C1F476A09	CALFIL48.DTM
_39FB115F4D4E40CD897AAB93E7A84FB7	1.XSD
_3B96C1FE29974CE1BD15C3A58621BA4B	1.XML
_3F09987FCC324F3D96D8FA8DD30E34C7	8.ZIP
_3FBE0684DEC247C98703C842DC582261	1.TXT
_415A9495F086441A94FB8F4F9543CF97	CALFIL30.DTM
_4329ED9738A44127ABAA6E59C67E2498	9.ZIP
_4521CE81293D4FB897267DD2AE71B2D9	CALFIL35.DTM
_462A311E24CC4AF0B0AF94C4709CF212	CALFIL03.DTM
_4AB59C58A2D14C42AB493E94D84F70A4	CALFIL40.DTM
_4B25FF75F35A479E940FA970484F12F8	IVCSPSA.DLL
_4F65EB2CBF414314BD95276C69EFAC09	CALFIL00.DTM
_4FD6DBAD3E3649D3B027FC5DDFAB0177	CALFIL31.DTM
_4FEC9C395C4D452FAFCCCCACD18CA4B0	CALFIL05.DTM
_56E29C19FA844FEDA348470D7E17763F	10.ZIP
_58A3AD574C334AB088D7F63FD7493CF0	11.ZIP
_5B17454DD9DD42E6BEABB7D19FE0422C	2.ZIP
_5E45A49C1C284C2EA946031881E609E9	CALFIL39.DTM
_62ADD27FC2F04B07A9A1A69B3C01EE6F	3.ZIP
_6A35AAC3007C4CB2967E54A90A000949	CALFIL21.DTM
_6C6F72F6ED244529891902274191E6FF	CALFIL04.DTM
_708ACB5A452F4CA8BC5E95C306B1EA10	12.ZIP
_71B6263D73E74E109F74F2F7D8DC5A33	CALFIL08.DTM
_73F42DFD3BB14E72A83885933FD3B27B	VINERITC.TTF
_7AA08386BAA14F8F81CCA1B44B7AE519	13.ZIP
_7BE8B54E98214FEEAD20D975B3CB8A9D	CALFIL17.DTM
_7F5D62C9F484476FA0D97DD72213104A	CALFIL44.DTM
_82A5F940875E48178A6A306D4CE89EF1	CALFIL26.DTM
_868FD35858184EF48ADD0399AED7CE4A	HATTEN.TTF
_8C90BC8BC6BE4079A22D8D61C0B33087	CALFIL28.DTM
_8D16BEF542CC450BAAB37FA66D5DF4AA	4.ZIP
_927CF897DF5F47F8A05F249B905DFA1C	CALFIL19.DTM
_9C79751652DA4A61B5C5074CBD0C45B4	LICENSE.RTF
_9DD8D2976F3645AE8F036FC725A27415	14.ZIP
_9EAA51D295E14D1C9CBD895E764383BC	5.ZIP
_9EF93022EB9344DC9AE3E78CF9B87D99	CALFIL12.DTM
_A17C7A3E0360494AAF20BA040B8F24B7	CALFIL32.DTM
_A488BC478A9D40FEA80ECAD01EE8DDE3	CALFIL10.DTM
_A6171F30E76442B099F81537A3B7C395	15.ZIP
_AB0162290F654EAA903597F9DBE7A09D	1.XSD
_AC1B034B0C8C4FD5AF928A1FF3691CEC	16.ZIP
_ACC578E0AE144FBFB4C5CF7D8109663C	17.ZIP
_AD24C4344B0D46F3AE01352BF0BAFF9F	1.XSD
_AF58E77D00864F139039264B7BE2EC85	CALFIL47.DTM
_B166C60666244A1B85E602EAB936C27F	CALFIL43.DTM
_B1CE0A7C84194D2D8448DF2C9C396E56	CALFIL01.DTM
_B7C4BD92172A4CD7BD628B58494B3304	CALFIL50.DTM
_B80A8503CCCE490BBF6584B726054946	1.XSD
_B9660E85AC9E4C818E63B748996499BA	CALFIL45.DTM
_BC0FC4B7D2694D878AA9A2DE9F83DD9A	18.ZIP
_BE00CE9D8B37445092BDB2EE1E296A5D	CALFIL22.DTM
_BF30CD1C4A544B28BFB6D7979A78D39B	6.ZIP
_C044E53156954A5383C1F3762139D7E2	CALFIL36.DTM
_C37EF96080DB4596BC50EC9468AD726D	CALFIL29.DTM
_C54FFACA7BC341CC84D87A0C0E985181	19.ZIP
_C76609B1028D4F7C8019CFF522260DCB	CALFIL38.DTM
_CB50A96889814D82A0B485219A567544	CALFIL46.DTM
_CB79D274E8E44CDA93B9F0F89DD2BE6C	20.ZIP
_CECF1E8BFA4F405B8BC4646E631AA3D3	2.XML
_CEE55B518B7B4D4F9A850BD648BC4C0E	CALFIL37.DTM
_CFAFCDFCDA8247CB882AFD1BF57677E3	7.ZIP
_D3219016B3F84D7C95682F3C3E91FC06	21.ZIP
_D86F264BA9404CF09222C7A3063FB463	CALFIL18.DTM
_D8A96324B5844EB5B9B74B80D199A2DF	CALFIL13.DTM
_DC22B0C16F76459B94ED5EBCCE4F8BDE	8.ZIP
_DED93494CE0049E2B795FFF2CC95B934	CALFIL27.DTM
_E448E6EE35834C1B880EEE801066B6BC	9.ZIP
_E570BF54E0D84A38BAA86CC3FC923361	CALFIL15.DTM
_E70A96CF25104A3AB254EDDD70D49662	CALFIL41.DTM
_E898042D4B1848589F3A0B4369DAFFBA	CALFIL33.DTM
_EAED66949DB84AE89937B1015289F6CA	CALFIL09.DTM
_EE3478A3FDE24193A0655FA6C1733403	1.PRO
_F1184D0759344BD1B001F661E3FEA20A	10.ZIP
_F433FAE1DDAD40569957B0A5CEA24C53	11.ZIP
_F62DD5C090834C20AD04A3677ACFF109	S84.DLL
_F6A525D108A7427AAA36E9B14D6A3D86	CALFIL16.DTM
_F9836FE1F71B4EACB4753B8A773D155D	22.ZIP
_FA348898F73741A29DE6900DBAA2131C	1.XSD
_51937934BACCD9F0E08F590132CC7EAD	IECS.DLL
_7FDFC961C520EE399D579244B181218C	SALE.DLL
_0FD85506457F7AA7B387AAA36A8E3BB2	IVCS5B.DLL
